Workbook

Sheet master
A1: 部屋 | B1: 名称 | C1: メーカ | D1: 型式 | E1: 全社連番 | F1: 管理No. | G1: 管理部署 | H1: 有効期限
A2: 電波暗室1 | B2: 部屋1 | C2: 11 | D2: 12 | E2: 1111111 | F2: 1 | G2: モビエレ | H2: 46173
A3: 電波暗室1 | B3: スペアナ | C3: 13 | D3: 14 | E3: 1111112 | F3: 2 | G3: モビエレ | H3: 46174
A4: 電波暗室1 | B4: ラインレシーバ | C4: 15 | D4: 16 | E4: 1111113 | F4: 3 | G4: モビエレ | H4: 46175
A5: 電波暗室1 | B5: LISN | C5: 15 | D5: 16 | E5: 1111113 | F5: 3 | G5: モビエレ | H5: 46175
A6: 電波暗室2 | B6: 部屋2 | C6: 17 | D6: 18 | E6: 1111114 | F6: 4 | G6: モビエレ | H6: 46176
A7: 電波暗室2 | B7: スペアナ | C7: 19 | D7: 20 | E7: 1111115 | F7: 5 | G7: モビエレ | H7: 46177
A8: 電波暗室2 | B8: ラインレシーバ | C8: 21 | D8: 22 | E8: 1111116 | F8: 6 | G8: モビエレ | H8: 46178

Sheet 抽出
A1: 名称 | B1: メーカ | C1: 型式 | D1: 全社連番 | E1: 管理No. | F1: 管理部署 | G1: 有効期限
A2: {=_xlfn._xlws.FILTER(master!B:B, (master!$A:$A=報告書!$B$7), "該当なし")} -> 部屋2 | B2: {=_xlfn._xlws.FILTER(master!C:C, (master!$A:$A=報告書!$B$7), "該当なし")} -> 17 | C2: {=_xlfn._xlws.FILTER(master!D:D, (master!$A:$A=報告書!$B$7), "該当なし")} -> 18 | D2: {=_xlfn._xlws.FILTER(master!E:E, (master!$A:$A=報告書!$B$7), "該当なし")} -> 1111114 | E2: {=_xlfn._xlws.FILTER(master!F:F, (master!$A:$A=報告書!$B$7), "該当なし")} -> 4 | F2: {=_xlfn._xlws.FILTER(master!G:G, (master!$A:$A=報告書!$B$7), "該当なし")} -> モビエレ | G2: {=_xlfn._xlws.FILTER(master!H:H, (master!$A:$A=報告書!$B$7), "該当なし")} -> 46176 | H2: {=_xlfn._xlws.FILTER(master!C:C, (master!$A:$A=報告書!$B$7), "該当なし")} -> 17 | I2: {=_xlfn._xlws.FILTER(master!D:D, (master!$A:$A=報告書!$B$7), "該当なし")} -> 18 | J2: {=_xlfn._xlws.FILTER(master!E:E, (master!$A:$A=報告書!$B$7), "該当なし")} -> 1111114 | K2: {=_xlfn._xlws.FILTER(master!F:F, (master!$A:$A=報告書!$B$7), "該当なし")} -> 4 | L2: {=_xlfn._xlws.FILTER(master!G:G, (master!$A:$A=報告書!$B$7), "該当なし")} -> モビエレ | M2: {=_xlfn._xlws.FILTER(master!H:H, (master!$A:$A=報告書!$B$7), "該当なし")} -> 46176
A3: スペアナ | B3: 19 | C3: 20 | D3: 1111115 | E3: 5 | F3: モビエレ | G3: 46177 | H3: 19 | I3: 20 | J3: 1111115 | K3: 5 | L3: モビエレ | M3: 46177
A4: ラインレシーバ | B4: 21 | C4: 22 | D4: 1111116 | E4: 6 | F4: モビエレ | G4: 46178 | H4: 21 | I4: 22 | J4: 1111116 | K4: 6 | L4: モビエレ | M4: 46178

Sheet 報告書
B2: 報告書
B4: 試験・測定機器一覧
B6: 使用環境 | F6: 試験名 | I6: 入力日時
B7: 電波暗室2 | I7: 46187
B10: <常設機器>
B11: 名称 | C11: メーカ | D11: 型式 | E11: 全社連番 | F11: 管理No. | G11: 管理部署 | H11: 有効期限 | I11: 使用期間
B12: {=_xlfn._xlws.FILTER(master!B:B, (master!$A:$A=報告書!$B$7), "該当なし")} -> 部屋2 | C12: {=_xlfn._xlws.FILTER(master!C:C, (master!$A:$A=報告書!$B$7), "該当なし")} -> 17 | D12: {=_xlfn._xlws.FILTER(master!D:D, (master!$A:$A=報告書!$B$7), "該当なし")} -> 18 | E12: {=_xlfn._xlws.FILTER(master!E:E, (master!$A:$A=報告書!$B$7), "該当なし")} -> 1111114 | F12: {=_xlfn._xlws.FILTER(master!F:F, (master!$A:$A=報告書!$B$7), "該当なし")} -> 4 | G12: {=_xlfn._xlws.FILTER(master!G:G, (master!$A:$A=報告書!$B$7), "該当なし")} -> モビエレ | H12: {=_xlfn._xlws.FILTER(master!H:H, (master!$A:$A=報告書!$B$7), "該当なし")} -> 46176 | I12: =IF($I$7<>"", $I$7, "") -> 46187
B13: スペアナ | C13: 19 | D13: 20 | E13: 1111115 | F13: 5 | G13: モビエレ | H13: 46177 | I13: =IF($I$7<>"", $I$7, "") -> 46187
B14: ラインレシーバ | C14: 21 | D14: 22 | E14: 1111116 | F14: 6 | G14: モビエレ | H14: 46178 | I14: =IF($I$7<>"", $I$7, "") -> 46187
I15: =IF($I$7<>"", $I$7, "") -> 46187
C16: =IFERROR(VLOOKUP($B16, master!$B:$H, 2, FALSE), "") | D16: =IFERROR(VLOOKUP($B16, master!$B:$H, 3, FALSE), "") | E16: =IFERROR(VLOOKUP($B16, master!$B:$H, 4, FALSE), "") | F16: =IFERROR(VLOOKUP($B16, master!$B:$H, 5, FALSE), "") | G16: =IFERROR(VLOOKUP($B16, master!$B:$H, 6, FALSE), "") | H16: =IFERROR(VLOOKUP($B16, master!$B:$H, 7, FALSE), "") | I16: =IF($I$7<>"", $I$7, "") -> 46187
C17: =IFERROR(VLOOKUP($B17, master!$B:$H, 2, FALSE), "") | D17: =IFERROR(VLOOKUP($B17, master!$B:$H, 3, FALSE), "") | E17: =IFERROR(VLOOKUP($B17, master!$B:$H, 4, FALSE), "") | F17: =IFERROR(VLOOKUP($B17, master!$B:$H, 5, FALSE), "") | G17: =IFERROR(VLOOKUP($B17, master!$B:$H, 6, FALSE), "") | H17: =IFERROR(VLOOKUP($B17, master!$B:$H, 7, FALSE), "") | I17: =IF($I$7<>"", $I$7, "") -> 46187
B18: =IF(抽出!A8<>"", 抽出!A8, "") | C18: =IFERROR(VLOOKUP($B18, master!$B:$H, 2, FALSE), "") | D18: =IFERROR(VLOOKUP($B18, master!$B:$H, 3, FALSE), "") | E18: =IFERROR(VLOOKUP($B18, master!$B:$H, 4, FALSE), "") | F18: =IFERROR(VLOOKUP($B18, master!$B:$H, 5, FALSE), "") | G18: =IFERROR(VLOOKUP($B18, master!$B:$H, 6, FALSE), "") | H18: =IFERROR(VLOOKUP($B18, master!$B:$H, 7, FALSE), "") | I18: =IF($I$7<>"", $I$7, "") -> 46187
C19: =IFERROR(VLOOKUP($B19, master!$B:$H, 2, FALSE), "") | D19: =IFERROR(VLOOKUP($B19, master!$B:$H, 3, FALSE), "") | E19: =IFERROR(VLOOKUP($B19, master!$B:$H, 4, FALSE), "") | F19: =IFERROR(VLOOKUP($B19, master!$B:$H, 5, FALSE), "") | G19: =IFERROR(VLOOKUP($B19, master!$B:$H, 6, FALSE), "") | H19: =IFERROR(VLOOKUP($B19, master!$B:$H, 7, FALSE), "") | I19: =IF($I$7<>"", $I$7, "") -> 46187
B20: =IF(抽出!A9<>"", 抽出!A9, "") | C20: =IFERROR(VLOOKUP($B20, master!$B:$H, 2, FALSE), "") | D20: =IFERROR(VLOOKUP($B20, master!$B:$H, 3, FALSE), "") | E20: =IFERROR(VLOOKUP($B20, master!$B:$H, 4, FALSE), "") | F20: =IFERROR(VLOOKUP($B20, master!$B:$H, 5, FALSE), "") | G20: =IFERROR(VLOOKUP($B20, master!$B:$H, 6, FALSE), "") | H20: =IFERROR(VLOOKUP($B20, master!$B:$H, 7, FALSE), "") | I20: =IF($I$7<>"", $I$7, "") -> 46187
C21: =IFERROR(VLOOKUP($B21, master!$B:$H, 2, FALSE), "") | D21: =IFERROR(VLOOKUP($B21, master!$B:$H, 3, FALSE), "") | E21: =IFERROR(VLOOKUP($B21, master!$B:$H, 4, FALSE), "") | F21: =IFERROR(VLOOKUP($B21, master!$B:$H, 5, FALSE), "") | G21: =IFERROR(VLOOKUP($B21, master!$B:$H, 6, FALSE), "") | H21: =IFERROR(VLOOKUP($B21, master!$B:$H, 7, FALSE), "") | I21: =IF($I$7<>"", $I$7, "") -> 46187
B22: =IF(抽出!A10<>"", 抽出!A10, "") | C22: =IFERROR(VLOOKUP($B22, master!$B:$H, 2, FALSE), "") | D22: =IFERROR(VLOOKUP($B22, master!$B:$H, 3, FALSE), "") | E22: =IFERROR(VLOOKUP($B22, master!$B:$H, 4, FALSE), "") | F22: =IFERROR(VLOOKUP($B22, master!$B:$H, 5, FALSE), "") | G22: =IFERROR(VLOOKUP($B22, master!$B:$H, 6, FALSE), "") | H22: =IFERROR(VLOOKUP($B22, master!$B:$H, 7, FALSE), "") | I22: =IF($I$7<>"", $I$7, "") -> 46187
C23: =IFERROR(VLOOKUP($B23, master!$B:$H, 2, FALSE), "") | D23: =IFERROR(VLOOKUP($B23, master!$B:$H, 3, FALSE), "") | E23: =IFERROR(VLOOKUP($B23, master!$B:$H, 4, FALSE), "") | F23: =IFERROR(VLOOKUP($B23, master!$B:$H, 5, FALSE), "") | G23: =IFERROR(VLOOKUP($B23, master!$B:$H, 6, FALSE), "") | H23: =IFERROR(VLOOKUP($B23, master!$B:$H, 7, FALSE), "") | I23: =IF($I$7<>"", $I$7, "") -> 46187
B24: =IF(抽出!A14<>"", 抽出!A14, "") | C24: =IFERROR(VLOOKUP($B24, master!$B:$H, 2, FALSE), "") | D24: =IFERROR(VLOOKUP($B24, master!$B:$H, 3, FALSE), "") | E24: =IFERROR(VLOOKUP($B24, master!$B:$H, 4, FALSE), "") | F24: =IFERROR(VLOOKUP($B24, master!$B:$H, 5, FALSE), "") | G24: =IFERROR(VLOOKUP($B24, master!$B:$H, 6, FALSE), "") | H24: =IFERROR(VLOOKUP($B24, master!$B:$H, 7, FALSE), "") | I24: =IF($I$7<>"", $I$7, "") -> 46187
C25: =IFERROR(VLOOKUP($B25, master!$B:$H, 2, FALSE), "") | D25: =IFERROR(VLOOKUP($B25, master!$B:$H, 3, FALSE), "") | E25: =IFERROR(VLOOKUP($B25, master!$B:$H, 4, FALSE), "") | F25: =IFERROR(VLOOKUP($B25, master!$B:$H, 5, FALSE), "") | G25: =IFERROR(VLOOKUP($B25, master!$B:$H, 6, FALSE), "") | H25: =IFERROR(VLOOKUP($B25, master!$B:$H, 7, FALSE), "") | I25: =IF($I$7<>"", $I$7, "") -> 46187
B26: =IF(抽出!A15<>"", 抽出!A15, "") | C26: =IFERROR(VLOOKUP($B26, master!$B:$H, 2, FALSE), "") | D26: =IFERROR(VLOOKUP($B26, master!$B:$H, 3, FALSE), "") | E26: =IFERROR(VLOOKUP($B26, master!$B:$H, 4, FALSE), "") | F26: =IFERROR(VLOOKUP($B26, master!$B:$H, 5, FALSE), "") | G26: =IFERROR(VLOOKUP($B26, master!$B:$H, 6, FALSE), "") | H26: =IFERROR(VLOOKUP($B26, master!$B:$H, 7, FALSE), "") | I26: =IF($I$7<>"", $I$7, "") -> 46187
C27: =IFERROR(VLOOKUP($B27, master!$B:$H, 2, FALSE), "") | D27: =IFERROR(VLOOKUP($B27, master!$B:$H, 3, FALSE), "") | E27: =IFERROR(VLOOKUP($B27, master!$B:$H, 4, FALSE), "") | F27: =IFERROR(VLOOKUP($B27, master!$B:$H, 5, FALSE), "") | G27: =IFERROR(VLOOKUP($B27, master!$B:$H, 6, FALSE), "") | H27: =IFERROR(VLOOKUP($B27, master!$B:$H, 7, FALSE), "") | I27: =IF($I$7<>"", $I$7, "") -> 46187
B28: =IF(抽出!A16<>"", 抽出!A16, "") | C28: =IFERROR(VLOOKUP($B28, master!$B:$H, 2, FALSE), "") | D28: =IFERROR(VLOOKUP($B28, master!$B:$H, 3, FALSE), "") | E28: =IFERROR(VLOOKUP($B28, master!$B:$H, 4, FALSE), "") | F28: =IFERROR(VLOOKUP($B28, master!$B:$H, 5, FALSE), "") | G28: =IFERROR(VLOOKUP($B28, master!$B:$H, 6, FALSE), "") | H28: =IFERROR(VLOOKUP($B28, master!$B:$H, 7, FALSE), "") | I28: =IF($I$7<>"", $I$7, "") -> 46187
C29: =IFERROR(VLOOKUP($B29, master!$B:$H, 2, FALSE), "") | D29: =IFERROR(VLOOKUP($B29, master!$B:$H, 3, FALSE), "") | E29: =IFERROR(VLOOKUP($B29, master!$B:$H, 4, FALSE), "") | F29: =IFERROR(VLOOKUP($B29, master!$B:$H, 5, FALSE), "") | G29: =IFERROR(VLOOKUP($B29, master!$B:$H, 6, FALSE), "") | H29: =IFERROR(VLOOKUP($B29, master!$B:$H, 7, FALSE), "")
B30: =IF(抽出!A20<>"", 抽出!A20, "") | C30: =IFERROR(VLOOKUP($B30, master!$B:$H, 2, FALSE), "") | D30: =IFERROR(VLOOKUP($B30, master!$B:$H, 3, FALSE), "") | E30: =IFERROR(VLOOKUP($B30, master!$B:$H, 4, FALSE), "") | F30: =IFERROR(VLOOKUP($B30, master!$B:$H, 5, FALSE), "") | G30: =IFERROR(VLOOKUP($B30, master!$B:$H, 6, FALSE), "") | H30: =IFERROR(VLOOKUP($B30, master!$B:$H, 7, FALSE), "")
C31: =IFERROR(VLOOKUP($B31, master!$B:$H, 2, FALSE), "") | D31: =IFERROR(VLOOKUP($B31, master!$B:$H, 3, FALSE), "") | E31: =IFERROR(VLOOKUP($B31, master!$B:$H, 4, FALSE), "") | F31: =IFERROR(VLOOKUP($B31, master!$B:$H, 5, FALSE), "") | G31: =IFERROR(VLOOKUP($B31, master!$B:$H, 6, FALSE), "") | H31: =IFERROR(VLOOKUP($B31, master!$B:$H, 7, FALSE), "")
B32: =IF(抽出!A21<>"", 抽出!A21, "") | C32: =IFERROR(VLOOKUP($B32, master!$B:$H, 2, FALSE), "") | D32: =IFERROR(VLOOKUP($B32, master!$B:$H, 3, FALSE), "") | E32: =IFERROR(VLOOKUP($B32, master!$B:$H, 4, FALSE), "") | F32: =IFERROR(VLOOKUP($B32, master!$B:$H, 5, FALSE), "") | G32: =IFERROR(VLOOKUP($B32, master!$B:$H, 6, FALSE), "") | H32: =IFERROR(VLOOKUP($B32, master!$B:$H, 7, FALSE), "")
C33: =IFERROR(VLOOKUP($B33, master!$B:$H, 2, FALSE), "") | D33: =IFERROR(VLOOKUP($B33, master!$B:$H, 3, FALSE), "") | E33: =IFERROR(VLOOKUP($B33, master!$B:$H, 4, FALSE), "") | F33: =IFERROR(VLOOKUP($B33, master!$B:$H, 5, FALSE), "") | G33: =IFERROR(VLOOKUP($B33, master!$B:$H, 6, FALSE), "") | H33: =IFERROR(VLOOKUP($B33, master!$B:$H, 7, FALSE), "")
B34: =IF(抽出!A22<>"", 抽出!A22, "") | C34: =IFERROR(VLOOKUP($B34, master!$B:$H, 2, FALSE), "") | D34: =IFERROR(VLOOKUP($B34, master!$B:$H, 3, FALSE), "") | E34: =IFERROR(VLOOKUP($B34, master!$B:$H, 4, FALSE), "") | F34: =IFERROR(VLOOKUP($B34, master!$B:$H, 5, FALSE), "") | G34: =IFERROR(VLOOKUP($B34, master!$B:$H, 6, FALSE), "") | H34: =IFERROR(VLOOKUP($B34, master!$B:$H, 7, FALSE), "")
C35: =IFERROR(VLOOKUP($B35, master!$B:$H, 2, FALSE), "") | D35: =IFERROR(VLOOKUP($B35, master!$B:$H, 3, FALSE), "") | E35: =IFERROR(VLOOKUP($B35, master!$B:$H, 4, FALSE), "") | F35: =IFERROR(VLOOKUP($B35, master!$B:$H, 5, FALSE), "") | G35: =IFERROR(VLOOKUP($B35, master!$B:$H, 6, FALSE), "") | H35: =IFERROR(VLOOKUP($B35, master!$B:$H, 7, FALSE), "")
B36: =IF(抽出!A26<>"", 抽出!A26, "") | C36: =IFERROR(VLOOKUP($B36, master!$B:$H, 2, FALSE), "") | D36: =IFERROR(VLOOKUP($B36, master!$B:$H, 3, FALSE), "") | E36: =IFERROR(VLOOKUP($B36, master!$B:$H, 4, FALSE), "") | F36: =IFERROR(VLOOKUP($B36, master!$B:$H, 5, FALSE), "") | G36: =IFERROR(VLOOKUP($B36, master!$B:$H, 6, FALSE), "") | H36: =IFERROR(VLOOKUP($B36, master!$B:$H, 7, FALSE), "")
B38: =IF(抽出!A27<>"", 抽出!A27, "")
B40: =IF(抽出!A28<>"", 抽出!A28, "")
B42: =IF(抽出!A32<>"", 抽出!A32, "")
B44: =IF(抽出!A33<>"", 抽出!A33, "")
B46: =IF(抽出!A34<>"", 抽出!A34, "")
B48: =IF(抽出!A38<>"", 抽出!A38, "")
