Workbook

Sheet 常設機器
A1: 名称 | B1: メーカー | C1: 全社連番 | D1: 管理No. | E1: 有効期限
B2: 型式 | D2: 管理部署 | E2: 使用期間
A3: 部屋 | B3: =IFERROR(VLOOKUP($A3, master!$A:$H, 2, FALSE), "") -> 11 | C3: =IFERROR(VLOOKUP($A3, master!$A:$H, 4, FALSE), "") -> 1111111 | D3: =IFERROR(VLOOKUP($A3, master!$A:$H, 5, FALSE), "") -> 1 | E3: =IFERROR(VLOOKUP($A3, master!$A:$H, 7, FALSE), "") -> 46173
B4: =IFERROR(VLOOKUP($A3, master!$A:$H, 3, FALSE), "") -> 12 | D4: =IFERROR(VLOOKUP($A3, master!$A:$H, 6, FALSE), "") -> モビエレ | E4: =IF(A3<>"", master!$H$5, "") -> 2026年5月10日～2026年5月23日
A5: スペアナ | B5: =IFERROR(VLOOKUP($A5, master!$A:$H, 2, FALSE), "") -> 13 | C5: =IFERROR(VLOOKUP($A5, master!$A:$H, 4, FALSE), "") -> 1111112 | D5: =IFERROR(VLOOKUP($A5, master!$A:$H, 5, FALSE), "") -> 2 | E5: =IFERROR(VLOOKUP($A5, master!$A:$H, 7, FALSE), "") -> 46174
B6: =IFERROR(VLOOKUP($A5, master!$A:$H, 3, FALSE), "") -> 14 | D6: =IFERROR(VLOOKUP($A5, master!$A:$H, 6, FALSE), "") -> モビエレ | E6: =IF(A5<>"", master!$H$5, "") -> 2026年5月10日～2026年5月23日
A7: ラインレシーバ | B7: =IFERROR(VLOOKUP($A7, master!$A:$H, 2, FALSE), "") -> 15 | C7: =IFERROR(VLOOKUP($A7, master!$A:$H, 4, FALSE), "") -> 1111113 | D7: =IFERROR(VLOOKUP($A7, master!$A:$H, 5, FALSE), "") -> 3 | E7: =IFERROR(VLOOKUP($A7, master!$A:$H, 7, FALSE), "") -> 46175
B8: =IFERROR(VLOOKUP($A7, master!$A:$H, 3, FALSE), "") -> 16 | D8: =IFERROR(VLOOKUP($A7, master!$A:$H, 6, FALSE), "") -> モビエレ | E8: =IF(A7<>"", master!$H$5, "") -> 2026年5月10日～2026年5月23日
A9: 部屋 | B9: =IFERROR(VLOOKUP($A9, master!$A:$H, 2, FALSE), "") -> 11 | C9: =IFERROR(VLOOKUP($A9, master!$A:$H, 4, FALSE), "") -> 1111111 | D9: =IFERROR(VLOOKUP($A9, master!$A:$H, 5, FALSE), "") -> 1 | E9: =IFERROR(VLOOKUP($A9, master!$A:$H, 7, FALSE), "") -> 46173
B10: =IFERROR(VLOOKUP($A9, master!$A:$H, 3, FALSE), "") -> 12 | D10: =IFERROR(VLOOKUP($A9, master!$A:$H, 6, FALSE), "") -> モビエレ | E10: =IF(A9<>"", master!$H$5, "") -> 2026年5月10日～2026年5月23日
A11: スペアナ | B11: =IFERROR(VLOOKUP($A11, master!$A:$H, 2, FALSE), "") -> 13 | C11: =IFERROR(VLOOKUP($A11, master!$A:$H, 4, FALSE), "") -> 1111112 | D11: =IFERROR(VLOOKUP($A11, master!$A:$H, 5, FALSE), "") -> 2 | E11: =IFERROR(VLOOKUP($A11, master!$A:$H, 7, FALSE), "") -> 46174
B12: =IFERROR(VLOOKUP($A11, master!$A:$H, 3, FALSE), "") -> 14 | D12: =IFERROR(VLOOKUP($A11, master!$A:$H, 6, FALSE), "") -> モビエレ | E12: =IF(A11<>"", master!$H$5, "") -> 2026年5月10日～2026年5月23日
A13: ラインレシーバ | B13: =IFERROR(VLOOKUP($A13, master!$A:$H, 2, FALSE), "") -> 15 | C13: =IFERROR(VLOOKUP($A13, master!$A:$H, 4, FALSE), "") -> 1111113 | D13: =IFERROR(VLOOKUP($A13, master!$A:$H, 5, FALSE), "") -> 3 | E13: =IFERROR(VLOOKUP($A13, master!$A:$H, 7, FALSE), "") -> 46175
B14: =IFERROR(VLOOKUP($A13, master!$A:$H, 3, FALSE), "") -> 16 | D14: =IFERROR(VLOOKUP($A13, master!$A:$H, 6, FALSE), "") -> モビエレ | E14: =IF(A13<>"", master!$H$5, "") -> 2026年5月10日～2026年5月23日
A15: 部屋 | B15: =IFERROR(VLOOKUP($A15, master!$A:$H, 2, FALSE), "") -> 11 | C15: =IFERROR(VLOOKUP($A15, master!$A:$H, 4, FALSE), "") -> 1111111 | D15: =IFERROR(VLOOKUP($A15, master!$A:$H, 5, FALSE), "") -> 1 | E15: =IFERROR(VLOOKUP($A15, master!$A:$H, 7, FALSE), "") -> 46173
B16: =IFERROR(VLOOKUP($A15, master!$A:$H, 3, FALSE), "") -> 12 | D16: =IFERROR(VLOOKUP($A15, master!$A:$H, 6, FALSE), "") -> モビエレ | E16: =IF(A15<>"", master!$H$5, "") -> 2026年5月10日～2026年5月23日
A17: 部屋 | B17: =IFERROR(VLOOKUP($A17, master!$A:$H, 2, FALSE), "") -> 11 | C17: =IFERROR(VLOOKUP($A17, master!$A:$H, 4, FALSE), "") -> 1111111 | D17: =IFERROR(VLOOKUP($A17, master!$A:$H, 5, FALSE), "") -> 1 | E17: =IFERROR(VLOOKUP($A17, master!$A:$H, 7, FALSE), "") -> 46173
B18: =IFERROR(VLOOKUP($A17, master!$A:$H, 3, FALSE), "") -> 12 | D18: =IFERROR(VLOOKUP($A17, master!$A:$H, 6, FALSE), "") -> モビエレ | E18: =IF(A17<>"", master!$H$5, "") -> 2026年5月10日～2026年5月23日
A19: 部屋 | B19: =IFERROR(VLOOKUP($A19, master!$A:$H, 2, FALSE), "") -> 11 | C19: =IFERROR(VLOOKUP($A19, master!$A:$H, 4, FALSE), "") -> 1111111 | D19: =IFERROR(VLOOKUP($A19, master!$A:$H, 5, FALSE), "") -> 1 | E19: =IFERROR(VLOOKUP($A19, master!$A:$H, 7, FALSE), "") -> 46173
B20: =IFERROR(VLOOKUP($A19, master!$A:$H, 3, FALSE), "") -> 12 | D20: =IFERROR(VLOOKUP($A19, master!$A:$H, 6, FALSE), "") -> モビエレ | E20: =IF(A19<>"", master!$H$5, "") -> 2026年5月10日～2026年5月23日
A21: 部屋 | B21: =IFERROR(VLOOKUP($A21, master!$A:$H, 2, FALSE), "") -> 11 | C21: =IFERROR(VLOOKUP($A21, master!$A:$H, 4, FALSE), "") -> 1111111 | D21: =IFERROR(VLOOKUP($A21, master!$A:$H, 5, FALSE), "") -> 1 | E21: =IFERROR(VLOOKUP($A21, master!$A:$H, 7, FALSE), "") -> 46173
B22: =IFERROR(VLOOKUP($A21, master!$A:$H, 3, FALSE), "") -> 12 | D22: =IFERROR(VLOOKUP($A21, master!$A:$H, 6, FALSE), "") -> モビエレ | E22: =IF(A21<>"", master!$H$5, "") -> 2026年5月10日～2026年5月23日
B23: =IFERROR(VLOOKUP($A23, master!$A:$H, 2, FALSE), "") | C23: =IFERROR(VLOOKUP($A23, master!$A:$H, 4, FALSE), "") | D23: =IFERROR(VLOOKUP($A23, master!$A:$H, 5, FALSE), "") | E23: =IFERROR(VLOOKUP($A23, master!$A:$H, 7, FALSE), "")
B24: =IFERROR(VLOOKUP($A23, master!$A:$H, 3, FALSE), "") | D24: =IFERROR(VLOOKUP($A23, master!$A:$H, 6, FALSE), "") | E24: =IFERROR(VLOOKUP($A23, master!$A:$H, 8, FALSE), "")
C25: =IFERROR(VLOOKUP($A25, master!$A:$H, 4, FALSE), "")
C27: =IFERROR(VLOOKUP($A27, master!$A:$H, 4, FALSE), "")
C29: =IFERROR(VLOOKUP($A29, master!$A:$H, 4, FALSE), "")
C31: =IFERROR(VLOOKUP($A31, master!$A:$H, 4, FALSE), "")
C33: =IFERROR(VLOOKUP($A33, master!$A:$H, 4, FALSE), "")
C35: =IFERROR(VLOOKUP($A35, master!$A:$H, 4, FALSE), "")
C37: =IFERROR(VLOOKUP($A37, master!$A:$H, 4, FALSE), "")
C39: =IFERROR(VLOOKUP($A39, master!$A:$H, 4, FALSE), "")

Sheet master
A1: 名称 | B1: メーカ | C1: 型式 | D1: 全社連番 | E1: 管理No. | F1: 管理部署 | G1: 有効期限 | H1: 使用期間
A2: 部屋 | B2: 11 | C2: 12 | D2: 1111111 | E2: 1 | F2: モビエレ | G2: 46173 | H2: 2026年5月10日～2026年5月20日
A3: スペアナ | B3: 13 | C3: 14 | D3: 1111112 | E3: 2 | F3: モビエレ | G3: 46174 | H3: 2026年5月10日～2026年5月21日
A4: ラインレシーバ | B4: 15 | C4: 16 | D4: 1111113 | E4: 3 | F4: モビエレ | G4: 46175 | H4: 2026年5月10日～2026年5月22日
H5: 2026年5月10日～2026年5月23日
A21: 名称 | B21: メーカー | C21: 全社連番 | D21: 管理No. | E21: 有効期限
B22: 型式 | D22: 管理部署 | E22: 使用期間
A23: 部屋 | B23: 11 | C23: 1111111 | D23: 1 | E23: 46173
B24: 12 | D24: モビエレ | E24: 2026年5月10日～2026年5月20日
A25: スペアナ | B25: 13 | C25: 1111112 | D25: 2 | E25: 46174
B26: 14 | D26: モビエレ | E26: 2026年5月10日～2026年5月21日
A27: ラインレシーバ | B27: 15 | C27: 1111113 | D27: 3 | E27: 46175
B28: 16 | D28: モビエレ | E28: 2026年5月10日～2026年5月22日
