Workbook
Name スライサー_測定名: #N/A
Name スライサー_部屋: #N/A

Sheet 常設機器
A1: 名称 | B1: メーカー | C1: 全社連番 | D1: 管理No. | E1: 有効期限
B2: 型式 | D2: 管理部署 | E2: 使用期間
A3: 部屋 | B3: =IFERROR(VLOOKUP($A3, master!$A:$H, 2, FALSE), "") -> 11 | C3: =IFERROR(VLOOKUP($A3, master!$A:$H, 4, FALSE), "") -> 1111111 | D3: =IFERROR(VLOOKUP($A3, master!$A:$H, 5, FALSE), "") -> 1 | E3: =IFERROR(VLOOKUP($A3, master!$A:$H, 7, FALSE), "") -> 46173
B4: =IFERROR(VLOOKUP($A3, master!$A:$H, 3, FALSE), "") -> 12 | D4: =IFERROR(VLOOKUP($A3, master!$A:$H, 6, FALSE), "") -> モビエレ | E4: =IF(A3<>"", master!$H$5, "") -> 2026年5月10日～2026年5月23日
A5: スペアナ | B5: =IFERROR(VLOOKUP($A5, master!$A:$H, 2, FALSE), "") -> 13 | C5: =IFERROR(VLOOKUP($A5, master!$A:$H, 4, FALSE), "") -> 1111112 | D5: =IFERROR(VLOOKUP($A5, master!$A:$H, 5, FALSE), "") -> 2 | E5: =IFERROR(VLOOKUP($A5, master!$A:$H, 7, FALSE), "") -> 46174
B6: =IFERROR(VLOOKUP($A5, master!$A:$H, 3, FALSE), "") -> 14 | D6: =IFERROR(VLOOKUP($A5, master!$A:$H, 6, FALSE), "") -> モビエレ | E6: =IF(A5<>"", master!$H$5, "") -> 2026年5月10日～2026年5月23日
A7: ラインレシーバ | B7: =IFERROR(VLOOKUP($A7, master!$A:$H, 2, FALSE), "") -> 15 | C7: =IFERROR(VLOOKUP($A7, master!$A:$H, 4, FALSE), "") -> 1111113 | D7: =IFERROR(VLOOKUP($A7, master!$A:$H, 5, FALSE), "") -> 3 | E7: =IFERROR(VLOOKUP($A7, master!$A:$H, 7, FALSE), "") -> 46175
B8: =IFERROR(VLOOKUP($A7, master!$A:$H, 3, FALSE), "") -> 16 | D8: =IFERROR(VLOOKUP($A7, master!$A:$H, 6, FALSE), "") -> モビエレ | E8: =IF(A7<>"", master!$H$5, "") -> 2026年5月10日～2026年5月23日
A9: 部屋 | B9: =IFERROR(VLOOKUP($A9, master!$A:$H, 2, FALSE), "") -> 11 | C9: =IFERROR(VLOOKUP($A9, master!$A:$H, 4, FALSE), "") -> 1111111 | D9: =IFERROR(VLOOKUP($A9, master!$A:$H, 5, FALSE), "") -> 1 | E9: =IFERROR(VLOOKUP($A9, master!$A:$H, 7, FALSE), "") -> 46173
B10: =IFERROR(VLOOKUP($A9, master!$A:$H, 3, FALSE), "") -> 12 | D10: =IFERROR(VLOOKUP($A9, master!$A:$H, 6, FALSE), "") -> モビエレ | E10: =IF(A9<>"", master!$H$5, "") -> 2026年5月10日～2026年5月23日
A11: スペアナ | B11: =IFERROR(VLOOKUP($A11, master!$A:$H, 2, FALSE), "") -> 13 | C11: =IFERROR(VLOOKUP($A11, master!$A:$H, 4, FALSE), "") -> 1111112 | D11: =IFERROR(VLOOKUP($A11, master!$A:$H, 5, FALSE), "") -> 2 | E11: =IFERROR(VLOOKUP($A11, master!$A:$H, 7, FALSE), "") -> 46174
B12: =IFERROR(VLOOKUP($A11, master!$A:$H, 3, FALSE), "") -> 14 | D12: =IFERROR(VLOOKUP($A11, master!$A:$H, 6, FALSE), "") -> モビエレ | E12: =IF(A11<>"", master!$H$5, "") -> 2026年5月10日～2026年5月23日
A13: ラインレシーバ | B13: =IFERROR(VLOOKUP($A13, master!$A:$H, 2, FALSE), "") -> 15 | C13: =IFERROR(VLOOKUP($A13, master!$A:$H, 4, FALSE), "") -> 1111113 | D13: =IFERROR(VLOOKUP($A13, master!$A:$H, 5, FALSE), "") -> 3 | E13: =IFERROR(VLOOKUP($A13, master!$A:$H, 7, FALSE), "") -> 46175
B14: =IFERROR(VLOOKUP($A13, master!$A:$H, 3, FALSE), "") -> 16 | D14: =IFERROR(VLOOKUP($A13, master!$A:$H, 6, FALSE), "") -> モビエレ | E14: =IF(A13<>"", master!$H$5, "") -> 2026年5月10日～2026年5月23日
A15: 部屋 | B15: =IFERROR(VLOOKUP($A15, master!$A:$H, 2, FALSE), "") -> 11 | C15: =IFERROR(VLOOKUP($A15, master!$A:$H, 4, FALSE), "") -> 1111111 | D15: =IFERROR(VLOOKUP($A15, master!$A:$H, 5, FALSE), "") -> 1 | E15: =IFERROR(VLOOKUP($A15, master!$A:$H, 7, FALSE), "") -> 46173
B16: =IFERROR(VLOOKUP($A15, master!$A:$H, 3, FALSE), "") -> 12 | D16: =IFERROR(VLOOKUP($A15, master!$A:$H, 6, FALSE), "") -> モビエレ | E16: =IF(A15<>"", master!$H$5, "") -> 2026年5月10日～2026年5月23日
A17: 部屋 | B17: =IFERROR(VLOOKUP($A17, master!$A:$H, 2, FALSE), "") -> 11 | C17: =IFERROR(VLOOKUP($A17, master!$A:$H, 4, FALSE), "") -> 1111111 | D17: =IFERROR(VLOOKUP($A17, master!$A:$H, 5, FALSE), "") -> 1 | E17: =IFERROR(VLOOKUP($A17, master!$A:$H, 7, FALSE), "") -> 46173
B18: =IFERROR(VLOOKUP($A17, master!$A:$H, 3, FALSE), "") -> 12 | D18: =IFERROR(VLOOKUP($A17, master!$A:$H, 6, FALSE), "") -> モビエレ | E18: =IF(A17<>"", master!$H$5, "") -> 2026年5月10日～2026年5月23日
A19: 部屋 | B19: =IFERROR(VLOOKUP($A19, master!$A:$H, 2, FALSE), "") -> 11 | C19: =IFERROR(VLOOKUP($A19, master!$A:$H, 4, FALSE), "") -> 1111111 | D19: =IFERROR(VLOOKUP($A19, master!$A:$H, 5, FALSE), "") -> 1 | E19: =IFERROR(VLOOKUP($A19, master!$A:$H, 7, FALSE), "") -> 46173
B20: =IFERROR(VLOOKUP($A19, master!$A:$H, 3, FALSE), "") -> 12 | D20: =IFERROR(VLOOKUP($A19, master!$A:$H, 6, FALSE), "") -> モビエレ | E20: =IF(A19<>"", master!$H$5, "") -> 2026年5月10日～2026年5月23日
A21: 部屋 | B21: =IFERROR(VLOOKUP($A21, master!$A:$H, 2, FALSE), "") -> 11 | C21: =IFERROR(VLOOKUP($A21, master!$A:$H, 4, FALSE), "") -> 1111111 | D21: =IFERROR(VLOOKUP($A21, master!$A:$H, 5, FALSE), "") -> 1 | E21: =IFERROR(VLOOKUP($A21, master!$A:$H, 7, FALSE), "") -> 46173
B22: =IFERROR(VLOOKUP($A21, master!$A:$H, 3, FALSE), "") -> 12 | D22: =IFERROR(VLOOKUP($A21, master!$A:$H, 6, FALSE), "") -> モビエレ | E22: =IF(A21<>"", master!$H$5, "") -> 2026年5月10日～2026年5月23日
B23: =IFERROR(VLOOKUP($A23, master!$A:$H, 2, FALSE), "") | C23: =IFERROR(VLOOKUP($A23, master!$A:$H, 4, FALSE), "") | D23: =IFERROR(VLOOKUP($A23, master!$A:$H, 5, FALSE), "") | E23: =IFERROR(VLOOKUP($A23, master!$A:$H, 7, FALSE), "")
B24: =IFERROR(VLOOKUP($A23, master!$A:$H, 3, FALSE), "") | D24: =IFERROR(VLOOKUP($A23, master!$A:$H, 6, FALSE), "") | E24: =IFERROR(VLOOKUP($A23, master!$A:$H, 8, FALSE), "")
C25: =IFERROR(VLOOKUP($A25, master!$A:$H, 4, FALSE), "")
C27: =IFERROR(VLOOKUP($A27, master!$A:$H, 4, FALSE), "")
C29: =IFERROR(VLOOKUP($A29, master!$A:$H, 4, FALSE), "")
C31: =IFERROR(VLOOKUP($A31, master!$A:$H, 4, FALSE), "")
C33: =IFERROR(VLOOKUP($A33, master!$A:$H, 4, FALSE), "")
C35: =IFERROR(VLOOKUP($A35, master!$A:$H, 4, FALSE), "")
C37: =IFERROR(VLOOKUP($A37, master!$A:$H, 4, FALSE), "")
C39: =IFERROR(VLOOKUP($A39, master!$A:$H, 4, FALSE), "")
A43: {=_xlfn.ANCHORARRAY(作業用!$A$1)} -> 部屋2
A44: スペアナ
A45: ラインレシーバ

Sheet master
A1: 名称 | B1: メーカ | C1: 型式 | D1: 全社連番 | E1: 管理No. | F1: 管理部署 | G1: 有効期限 | H1: 使用期間
A2: 部屋 | B2: 11 | C2: 12 | D2: 1111111 | E2: 1 | F2: モビエレ | G2: 46173 | H2: 2026年5月10日～2026年5月20日
A3: スペアナ | B3: 13 | C3: 14 | D3: 1111112 | E3: 2 | F3: モビエレ | G3: 46174 | H3: 2026年5月10日～2026年5月21日
A4: ラインレシーバ | B4: 15 | C4: 16 | D4: 1111113 | E4: 3 | F4: モビエレ | G4: 46175 | H4: 2026年5月10日～2026年5月22日
H5: 2026年5月10日～2026年5月23日
A21: 名称 | B21: メーカー | C21: 全社連番 | D21: 管理No. | E21: 有効期限
B22: 型式 | D22: 管理部署 | E22: 使用期間
A23: 部屋 | B23: 11 | C23: 1111111 | D23: 1 | E23: 46173
B24: 12 | D24: モビエレ | E24: 2026年5月10日～2026年5月20日
A25: スペアナ | B25: 13 | C25: 1111112 | D25: 2 | E25: 46174
B26: 14 | D26: モビエレ | E26: 2026年5月10日～2026年5月21日
A27: ラインレシーバ | B27: 15 | C27: 1111113 | D27: 3 | E27: 46175
B28: 16 | D28: モビエレ | E28: 2026年5月10日～2026年5月22日

Sheet master2
A1: 仕様部屋 | B1: 測定名
A2: SR1 | B2: ラジオノイズ試験伝導
A3: SR10 | B3: ラジオノイズ試験輻射
A4: SR2
A5: SR3
A6: SR4
A7: SR5
A8: SR6
A9: SR7
A10: SR8
A11: SR9
A12: 電波暗室1
A13: 電波暗室10
A14: 電波暗室2
A15: 電波暗室3
... A22: 電波暗室11

Sheet master3
A1: 列1 | B1: 列2
A2: 仕様部屋 | B2: 測定名
A3: 電波暗室1 | B3: ラジオノイズ試験伝導
A4: 電波暗室2 | B4: ラジオノイズ試験輻射
A5: 電波暗室3 | B5: ラジオノイズ試験伝導
A6: 電波暗室4 | B6: ラジオノイズ試験輻射
A7: 電波暗室5 | B7: ラジオノイズ試験伝導
A8: 電波暗室6 | B8: ラジオノイズ試験輻射
A9: 電波暗室7 | B9: ラジオノイズ試験伝導
A10: 電波暗室8 | B10: ラジオノイズ試験輻射
A11: 電波暗室9 | B11: ラジオノイズ試験伝導
A12: 電波暗室10 | B12: ラジオノイズ試験輻射
... A22: SR10 | B22: ラジオノイズ試験輻射

Sheet Sheet3
A1: 部屋 | B1: 測定名 | C1: 名称 | D1: メーカ | E1: 型式 | F1: 全社連番 | G1: 管理No. | H1: 管理部署 | I1: 有効期限
A2: 電波暗室1 | B2: ラジオノイズ試験伝導 | C2: 部屋1 | D2: 11 | E2: 12 | F2: 1111111 | G2: 1 | H2: モビエレ | I2: 46173
A3: 電波暗室1 | B3: ラジオノイズ試験伝導 | C3: スペアナ | D3: 13 | E3: 14 | F3: 1111112 | G3: 2 | H3: モビエレ | I3: 46174
A4: 電波暗室1 | B4: ラジオノイズ試験伝導 | C4: ラインレシーバ | D4: 15 | E4: 16 | F4: 1111113 | G4: 3 | H4: モビエレ | I4: 46175
A5: 電波暗室1 | B5: ラジオノイズ試験輻射 | C5: 部屋1 | D5: 11 | E5: 12 | F5: 1111111 | G5: 1 | H5: モビエレ | I5: 46173
A6: 電波暗室1 | B6: ラジオノイズ試験輻射 | C6: スペアナ 輻射 | D6: 13 | E6: 14 | F6: 1111112 | G6: 2 | H6: モビエレ | I6: 46174
A7: 電波暗室1 | B7: ラジオノイズ試験輻射 | C7: ラインレシーバ輻射 | D7: 15 | E7: 16 | F7: 1111113 | G7: 3 | H7: モビエレ | I7: 46175
A8: 電波暗室2 | B8: ラジオノイズ試験伝導 | C8: 部屋2 | D8: 11 | E8: 12 | F8: 1111111 | G8: 1 | H8: モビエレ | I8: 46173
A9: 電波暗室2 | B9: ラジオノイズ試験伝導 | C9: スペアナ | D9: 13 | E9: 14 | F9: 1111112 | G9: 2 | H9: モビエレ | I9: 46174
A10: 電波暗室2 | B10: ラジオノイズ試験伝導 | C10: ラインレシーバ | D10: 15 | E10: 16 | F10: 1111113 | G10: 3 | H10: モビエレ | I10: 46175
A11: 電波暗室2 | B11: ラジオノイズ試験輻射 | C11: 部屋2 | D11: 11 | E11: 12 | F11: 1111111 | G11: 1 | H11: モビエレ | I11: 46173
A12: 電波暗室2 | B12: ラジオノイズ試験輻射 | C12: スペアナ 輻射 | D12: 13 | E12: 14 | F12: 1111112 | G12: 2 | H12: モビエレ | I12: 46174
A13: 電波暗室2 | B13: ラジオノイズ試験輻射 | C13: ラインレシーバ輻射 | D13: 15 | E13: 16 | F13: 1111113 | G13: 3 | H13: モビエレ | I13: 46175

Sheet master4
A1: 部屋 | B1: 試験名 | C1: 名称 | D1: メーカ | E1: 型式 | F1: 全社連番 | G1: 管理No. | H1: 管理部署 | I1: 有効期限
A2: 電波暗室1 | B2: ラジオノイズ試験伝導 | C2: 部屋1 | D2: 11 | E2: 12 | F2: 1111111 | G2: 1 | H2: モビエレ | I2: 46173
A3: 電波暗室1 | B3: ラジオノイズ試験伝導 | C3: スペアナ | D3: 13 | E3: 14 | F3: 1111112 | G3: 2 | H3: モビエレ | I3: 46174
A4: 電波暗室1 | B4: ラジオノイズ試験伝導 | C4: ラインレシーバ | D4: 15 | E4: 16 | F4: 1111113 | G4: 3 | H4: モビエレ | I4: 46175
A5: 電波暗室1 | B5: ラジオノイズ試験輻射 | C5: 部屋1 | D5: 11 | E5: 12 | F5: 1111111 | G5: 1 | H5: モビエレ | I5: 46173
A6: 電波暗室1 | B6: ラジオノイズ試験輻射 | C6: スペアナ 輻射 | D6: 13 | E6: 14 | F6: 1111112 | G6: 2 | H6: モビエレ | I6: 46174
A7: 電波暗室1 | B7: ラジオノイズ試験輻射 | C7: ラインレシーバ輻射 | D7: 15 | E7: 16 | F7: 1111113 | G7: 3 | H7: モビエレ | I7: 46175
A8: 電波暗室2 | B8: ラジオノイズ試験伝導 | C8: 部屋2 | D8: 11 | E8: 12 | F8: 1111111 | G8: 1 | H8: モビエレ | I8: 46173
A9: 電波暗室2 | B9: ラジオノイズ試験伝導 | C9: スペアナ | D9: 13 | E9: 14 | F9: 1111112 | G9: 2 | H9: モビエレ | I9: 46174
A10: 電波暗室2 | B10: ラジオノイズ試験伝導 | C10: ラインレシーバ | D10: 15 | E10: 16 | F10: 1111113 | G10: 3 | H10: モビエレ | I10: 46175
A11: 電波暗室2 | B11: ラジオノイズ試験輻射 | C11: 部屋2 | D11: 11 | E11: 12 | F11: 1111111 | G11: 1 | H11: モビエレ | I11: 46173
A12: 電波暗室2 | B12: ラジオノイズ試験輻射 | C12: スペアナ 輻射 | D12: 13 | E12: 14 | F12: 1111112 | G12: 2 | H12: モビエレ | I12: 46174
A13: 電波暗室2 | B13: ラジオノイズ試験輻射 | C13: ラインレシーバ輻射 | D13: 15 | E13: 16 | F13: 1111113 | G13: 3 | H13: モビエレ | I13: 46175

Sheet 報告書
A1: 部屋 | B1: 電波暗室2
A2: 試験名 | B2: ラジオノイズ試験伝導
A5: {=_xlfn.ANCHORARRAY(作業用!$A$1)} -> 部屋2
A6: スペアナ
A7: ラインレシーバ

Sheet 作業用
A1: {=_xlfn._xlws.FILTER(master4!C:C, (master4!A:A=報告書!$B$1) * (master4!B:B=報告書!$B$2), "該当なし")} -> 部屋2 | B1: =IFERROR(VLOOKUP($A1, master!$A:$H, 2, FALSE), "")
A2: スペアナ | B2: =IFERROR(VLOOKUP($A2, master!$A:$H, 2, FALSE), "") -> 13 | C2: =IFERROR(VLOOKUP($A2, master!$A:$H, 3, FALSE), "") -> 14 | D2: =IFERROR(VLOOKUP($A2, master!$A:$H, 5, FALSE), "") -> 2 | E2: =IFERROR(VLOOKUP($A2, master!$A:$H, 6, FALSE), "") -> モビエレ | F2: =IFERROR(VLOOKUP($A2, master!$A:$H, 7, FALSE), "") -> 46174 | G2: =IFERROR(VLOOKUP($A2, master!$A:$H, 8, FALSE), "") -> 2026年5月10日～2026年5月21日
A3: ラインレシーバ | B3: =IFERROR(VLOOKUP($A3, master!$A:$H, 2, FALSE), "") -> 15 | C3: =IFERROR(VLOOKUP($A3, master!$A:$H, 3, FALSE), "") -> 16 | D3: =IFERROR(VLOOKUP($A3, master!$A:$H, 5, FALSE), "") -> 3 | E3: =IFERROR(VLOOKUP($A3, master!$A:$H, 6, FALSE), "") -> モビエレ | F3: =IFERROR(VLOOKUP($A3, master!$A:$H, 7, FALSE), "") -> 46175 | G3: =IFERROR(VLOOKUP($A3, master!$A:$H, 8, FALSE), "") -> 2026年5月10日～2026年5月22日
A12: {=_xlfn._xlws.FILTER(master4!C:C, (master4!A:A=報告書!$B$1) * (master4!B:B=報告書!$B$2), "該当なし")} -> 部屋2
A13: スペアナ | B13: =IFERROR(VLOOKUP($A13, master4!$A:$H, 4, FALSE), "") | C13: =IFERROR(VLOOKUP($A13, master!$A:$H, 3, FALSE), "") -> 14 | D13: =IFERROR(VLOOKUP($A13, master!$A:$H, 5, FALSE), "") -> 2 | E13: =IFERROR(VLOOKUP($A13, master!$A:$H, 6, FALSE), "") -> モビエレ | F13: =IFERROR(VLOOKUP($A13, master!$A:$H, 7, FALSE), "") -> 46174 | G13: =IFERROR(VLOOKUP($A13, master!$A:$H, 8, FALSE), "") -> 2026年5月10日～2026年5月21日
A14: ラインレシーバ | B14: =IFERROR(VLOOKUP($A14, master!$A:$H, 2, FALSE), "") -> 15 | C14: =IFERROR(VLOOKUP($A14, master!$A:$H, 3, FALSE), "") -> 16 | D14: =IFERROR(VLOOKUP($A14, master!$A:$H, 5, FALSE), "") -> 3 | E14: =IFERROR(VLOOKUP($A14, master!$A:$H, 6, FALSE), "") -> モビエレ | F14: =IFERROR(VLOOKUP($A14, master!$A:$H, 7, FALSE), "") -> 46175 | G14: =IFERROR(VLOOKUP($A14, master!$A:$H, 8, FALSE), "") -> 2026年5月10日～2026年5月22日
