Workbook

Sheet 報告書
B2: 報告書
B4: 試験・測定機器一覧
B6: 使用環境 | C6: 試験名 | F6: 入力日時
B7: 電波暗室1 | F7: 46187
B10: <常設機器>
B11: 名称 | C11: メーカー | D11: 全社連番 | E11: 管理No. | F11: 有効期限
C12: 型式 | E12: 管理部署 | F12: 使用期間
B13: =IF(抽出!A2<>"", 抽出!A2, "") -> 部屋1 | C13: =IFERROR(VLOOKUP($B13, master!$B:$H, 2, FALSE), "") -> 11 | D13: =IFERROR(VLOOKUP($B13, master!$B:$H, 4, FALSE), "") -> 1111111 | E13: =IFERROR(VLOOKUP($B13, master!$B:$H, 5, FALSE), "") -> 1 | F13: =IFERROR(VLOOKUP($B13, master!$B:$H, 7, FALSE), "") -> 46173
C14: =IFERROR(VLOOKUP($B13, master!$B:$H, 3, FALSE), "") -> 12 | E14: =IFERROR(VLOOKUP($B13, master!$B:$H, 6, FALSE), "") -> モビエレ | F14: =IF($F$7<>"", $F$7, "") -> 46187
B15: =IF(抽出!A3<>"", 抽出!A3, "") -> スペアナ | C15: =IFERROR(VLOOKUP($B15, master!$B:$H, 2, FALSE), "") -> 13 | D15: =IFERROR(VLOOKUP($B15, master!$B:$H, 4, FALSE), "") -> 1111112 | E15: =IFERROR(VLOOKUP($B15, master!$B:$H, 5, FALSE), "") -> 2 | F15: =IFERROR(VLOOKUP($B15, master!$B:$H, 7, FALSE), "") -> 46174
C16: =IFERROR(VLOOKUP($B15, master!$B:$H, 3, FALSE), "") -> 14 | E16: =IFERROR(VLOOKUP($B15, master!$B:$H, 6, FALSE), "") -> モビエレ | F16: =IF($F$7<>"", $F$7, "") -> 46187
B17: =IF(抽出!A4<>"", 抽出!A4, "") -> ラインレシーバ | C17: =IFERROR(VLOOKUP($B17, master!$B:$H, 2, FALSE), "") -> 15 | D17: =IFERROR(VLOOKUP($B17, master!$B:$H, 4, FALSE), "") -> 1111113 | E17: =IFERROR(VLOOKUP($B17, master!$B:$H, 5, FALSE), "") -> 3 | F17: =IFERROR(VLOOKUP($B17, master!$B:$H, 7, FALSE), "") -> 46175
C18: =IFERROR(VLOOKUP($B17, master!$B:$H, 3, FALSE), "") -> 16 | E18: =IFERROR(VLOOKUP($B17, master!$B:$H, 6, FALSE), "") -> モビエレ | F18: =IF($F$7<>"", $F$7, "") -> 46187
B19: =IF(抽出!A8<>"", 抽出!A8, "")
B21: =IF(抽出!A9<>"", 抽出!A9, "")
B23: =IF(抽出!A10<>"", 抽出!A10, "")
B25: =IF(抽出!A14<>"", 抽出!A14, "")
B27: =IF(抽出!A15<>"", 抽出!A15, "")
B29: =IF(抽出!A16<>"", 抽出!A16, "")
B31: =IF(抽出!A20<>"", 抽出!A20, "")
B33: =IF(抽出!A21<>"", 抽出!A21, "")
B35: =IF(抽出!A22<>"", 抽出!A22, "")
B37: =IF(抽出!A26<>"", 抽出!A26, "")
B39: =IF(抽出!A27<>"", 抽出!A27, "")
B41: =IF(抽出!A28<>"", 抽出!A28, "")
B43: =IF(抽出!A32<>"", 抽出!A32, "")
B45: =IF(抽出!A33<>"", 抽出!A33, "")
B47: =IF(抽出!A34<>"", 抽出!A34, "")
B49: =IF(抽出!A38<>"", 抽出!A38, "")

Sheet master
A1: 部屋 | B1: 名称 | C1: メーカ | D1: 型式 | E1: 全社連番 | F1: 管理No. | G1: 管理部署 | H1: 有効期限
A2: 電波暗室1 | B2: 部屋1 | C2: 11 | D2: 12 | E2: 1111111 | F2: 1 | G2: モビエレ | H2: 46173
A3: 電波暗室1 | B3: スペアナ | C3: 13 | D3: 14 | E3: 1111112 | F3: 2 | G3: モビエレ | H3: 46174
A4: 電波暗室1 | B4: ラインレシーバ | C4: 15 | D4: 16 | E4: 1111113 | F4: 3 | G4: モビエレ | H4: 46175
A5: 電波暗室2 | B5: 部屋2 | C5: 17 | D5: 18 | E5: 1111114 | F5: 4 | G5: モビエレ | H5: 46176
A6: 電波暗室2 | B6: スペアナ | C6: 19 | D6: 20 | E6: 1111115 | F6: 5 | G6: モビエレ | H6: 46177
A7: 電波暗室2 | B7: ラインレシーバ | C7: 21 | D7: 22 | E7: 1111116 | F7: 6 | G7: モビエレ | H7: 46178

Sheet 抽出
A1: 名称 | B1: メーカ | C1: 型式 | D1: 全社連番 | E1: 管理No. | F1: 管理部署 | G1: 有効期限
A2: {=_xlfn._xlws.FILTER(master!B:B, (master!$A:$A=報告書!$B$7), "該当なし")} -> 部屋1 | B2: {=_xlfn._xlws.FILTER(master!C:C, (master!$A:$A=報告書!$B$7), "該当なし")} -> 11 | C2: {=_xlfn._xlws.FILTER(master!D:D, (master!$A:$A=報告書!$B$7), "該当なし")} -> 12 | D2: {=_xlfn._xlws.FILTER(master!E:E, (master!$A:$A=報告書!$B$7), "該当なし")} -> 1111111 | E2: {=_xlfn._xlws.FILTER(master!F:F, (master!$A:$A=報告書!$B$7), "該当なし")} -> 1 | F2: {=_xlfn._xlws.FILTER(master!G:G, (master!$A:$A=報告書!$B$7), "該当なし")} -> モビエレ | G2: {=_xlfn._xlws.FILTER(master!H:H, (master!$A:$A=報告書!$B$7), "該当なし")} -> 46173
A3: スペアナ | B3: 13 | C3: 14 | D3: 1111112 | E3: 2 | F3: モビエレ | G3: 46174
A4: ラインレシーバ | B4: 15 | C4: 16 | D4: 1111113 | E4: 3 | F4: モビエレ | G4: 46175
